USE [Swagger_Endowment22]
GO

PRINT N'๐จ ุจุฏุก ุงูุฅุตูุงุญ ุงูุนุงุฌู ููุชุฑููุฒ ุงูุนุฑุจู'
PRINT N'๐จ Starting urgent Arabic encoding fix'
PRINT N'==========================================='

-- ุงููุฑุญูุฉ 1: ูุญุต ุงููุถุน ุงูุญุงูู
PRINT N''
PRINT N'๐ ุงููุฑุญูุฉ 1: ูุญุต ุงููุถุน ุงูุญุงูู'
PRINT N'๐ Phase 1: Checking current status'

SELECT 
    DATABASEPROPERTYEX('Swagger_Endowment22', 'Collation') as CurrentDatabaseCollation,
    SERVERPROPERTY('Collation') as ServerCollation

-- ุงููุฑุญูุฉ 2: ุชุญุฏูุซ ูุงุนุฏุฉ ุงูุจูุงูุงุช
PRINT N''
PRINT N'๐ ุงููุฑุญูุฉ 2: ุชุญุฏูุซ ุฅุนุฏุงุฏุงุช ูุงุนุฏุฉ ุงูุจูุงูุงุช'
PRINT N'๐ Phase 2: Updating database settings'

BEGIN TRY
    -- ุฅููุงู ุฌููุน ุงูุงุชุตุงูุงุช ุงูุฃุฎุฑู
    ALTER DATABASE [Swagger_Endowment22] SET SINGLE_USER WITH ROLLBACK IMMEDIATE
    
    -- ุชุญุฏูุซ Collation
    ALTER DATABASE [Swagger_Endowment22] COLLATE Arabic_CI_AS
    
    -- ุงูุณูุงุญ ุจุงูุงุชุตุงูุงุช ูุฑุฉ ุฃุฎุฑู
    ALTER DATABASE [Swagger_Endowment22] SET MULTI_USER
    
    PRINT N'โ ุชู ุชุญุฏูุซ Database Collation ุฅูู Arabic_CI_AS'
END TRY
BEGIN CATCH
    PRINT N'โ๏ธ ุชุนุฐุฑ ุชุญุฏูุซ Database Collation: ' + ERROR_MESSAGE()
    -- ุงูุณูุงุญ ุจุงูุงุชุตุงูุงุช ูู ุญุงูุฉ ุงูุฎุทุฃ
    IF EXISTS (SELECT 1 FROM sys.databases WHERE name = 'Swagger_Endowment22' AND user_access = 1)
        ALTER DATABASE [Swagger_Endowment22] SET MULTI_USER
END CATCH

-- ุงููุฑุญูุฉ 3: ุชุญุฏูุซ ุฌุฏุงูู ุงูููุงุชุจ ูุงูููุงุทู
PRINT N''
PRINT N'๐ ุงููุฑุญูุฉ 3: ุชุญุฏูุซ ุงูุฌุฏุงูู ูุงูุฃุนูุฏุฉ'
PRINT N'๐ Phase 3: Updating tables and columns'

BEGIN TRY
    -- ุชุญุฏูุซ ุฌุฏูู Offices
    IF EXISTS (SELECT 1 FROM INFORMATION_SCHEMA.COLUMNS WHERE TABLE_NAME = 'Offices' AND COLUMN_NAME = 'Name')
    BEGIN
        ALTER TABLE [Offices] ALTER COLUMN [Name] NVARCHAR(255) COLLATE Arabic_CI_AS
        PRINT N'โ ุชู ุชุญุฏูุซ ุฌุฏูู Offices - ุงูุนููุฏ Name'
    END
    
    IF EXISTS (SELECT 1 FROM INFORMATION_SCHEMA.COLUMNS WHERE TABLE_NAME = 'Offices' AND COLUMN_NAME = 'Address')
    BEGIN
        ALTER TABLE [Offices] ALTER COLUMN [Address] NVARCHAR(500) COLLATE Arabic_CI_AS
        PRINT N'โ ุชู ุชุญุฏูุซ ุฌุฏูู Offices - ุงูุนููุฏ Address'
    END
    
    -- ุชุญุฏูุซ ุฌุฏูู Regions
    IF EXISTS (SELECT 1 FROM INFORMATION_SCHEMA.COLUMNS WHERE TABLE_NAME = 'Regions' AND COLUMN_NAME = 'Name')
    BEGIN
        ALTER TABLE [Regions] ALTER COLUMN [Name] NVARCHAR(255) COLLATE Arabic_CI_AS
        PRINT N'โ ุชู ุชุญุฏูุซ ุฌุฏูู Regions - ุงูุนููุฏ Name'
    END
    
    -- ุชุญุฏูุซ ุฌุฏูู Cities
    IF EXISTS (SELECT 1 FROM INFORMATION_SCHEMA.COLUMNS WHERE TABLE_NAME = 'Cities' AND COLUMN_NAME = 'Name')
    BEGIN
        ALTER TABLE [Cities] ALTER COLUMN [Name] NVARCHAR(255) COLLATE Arabic_CI_AS
        PRINT N'โ ุชู ุชุญุฏูุซ ุฌุฏูู Cities - ุงูุนููุฏ Name'
    END
    
    -- ุชุญุฏูุซ ุฌุฏูู Banks
    IF EXISTS (SELECT 1 FROM INFORMATION_SCHEMA.COLUMNS WHERE TABLE_NAME = 'Banks' AND COLUMN_NAME = 'Name')
    BEGIN
        ALTER TABLE [Banks] ALTER COLUMN [Name] NVARCHAR(255) COLLATE Arabic_CI_AS
        ALTER TABLE [Banks] ALTER COLUMN [Address] NVARCHAR(500) COLLATE Arabic_CI_AS
        PRINT N'โ ุชู ุชุญุฏูุซ ุฌุฏูู Banks'
    END
    
    -- ุชุญุฏูุซ ุฌุฏูู Buildings
    IF EXISTS (SELECT 1 FROM INFORMATION_SCHEMA.COLUMNS WHERE TABLE_NAME = 'Buildings' AND COLUMN_NAME = 'Name')
    BEGIN
        ALTER TABLE [Buildings] ALTER COLUMN [Name] NVARCHAR(255) COLLATE Arabic_CI_AS
        ALTER TABLE [Buildings] ALTER COLUMN [Address] NVARCHAR(500) COLLATE Arabic_CI_AS
        PRINT N'โ ุชู ุชุญุฏูุซ ุฌุฏูู Buildings'
    END
    
    -- ุชุญุฏูุซ ุฌุฏูู Mosques
    IF EXISTS (SELECT 1 FROM INFORMATION_SCHEMA.COLUMNS WHERE TABLE_NAME = 'Mosques' AND COLUMN_NAME = 'Name')
    BEGIN
        ALTER TABLE [Mosques] ALTER COLUMN [Name] NVARCHAR(255) COLLATE Arabic_CI_AS
        ALTER TABLE [Mosques] ALTER COLUMN [Address] NVARCHAR(500) COLLATE Arabic_CI_AS
        PRINT N'โ ุชู ุชุญุฏูุซ ุฌุฏูู Mosques'
    END
    
END TRY
BEGIN CATCH
    PRINT N'โ ุฎุทุฃ ูู ุชุญุฏูุซ ุงูุฌุฏุงูู: ' + ERROR_MESSAGE()
END CATCH

-- ุงููุฑุญูุฉ 4: ุญุฐู ุงูุจูุงูุงุช ุงููุดููุฉ ูุฅุนุงุฏุฉ ุงูุฅุฏุฑุงุฌ
PRINT N''
PRINT N'๐ ุงููุฑุญูุฉ 4: ุชูุธูู ุงูุจูุงูุงุช ุงููุดููุฉ'
PRINT N'๐ Phase 4: Cleaning corrupted data'

BEGIN TRY
    -- ุฅููุงู ูุญุต Foreign Keys
    EXEC sp_msforeachtable "ALTER TABLE ? NOCHECK CONSTRAINT all"
    
    -- ุญุฐู ุงูุจูุงูุงุช ุงููุดููุฉ ูู ุงูุฌุฏุงูู ุงูุฑุฆูุณูุฉ
    DELETE FROM [Accounts] WHERE [Id] IS NOT NULL
    DELETE FROM [Buildings] WHERE [Id] IS NOT NULL
    DELETE FROM [Mosques] WHERE [Id] IS NOT NULL
    DELETE FROM [Offices] WHERE [Id] IS NOT NULL
    DELETE FROM [Regions] WHERE [Id] IS NOT NULL
    DELETE FROM [Cities] WHERE [Id] IS NOT NULL
    DELETE FROM [Banks] WHERE [Id] IS NOT NULL
    
    PRINT N'โ ุชู ุญุฐู ุงูุจูุงูุงุช ุงููุดููุฉ'
    
    -- ุฅุนุงุฏุฉ ุชูุนูู ูุญุต Foreign Keys
    EXEC sp_msforeachtable "ALTER TABLE ? WITH CHECK CHECK CONSTRAINT all"
    
END TRY
BEGIN CATCH
    PRINT N'โ ุฎุทุฃ ูู ุญุฐู ุงูุจูุงูุงุช: ' + ERROR_MESSAGE()
    EXEC sp_msforeachtable "ALTER TABLE ? WITH CHECK CHECK CONSTRAINT all"
END CATCH

-- ุงููุฑุญูุฉ 5: ุฅุฏุฑุงุฌ ุจูุงูุงุช ููุจูุฉ ุฌุฏูุฏุฉ ุจุชุฑููุฒ ุตุญูุญ
PRINT N''
PRINT N'๐ ุงููุฑุญูุฉ 5: ุฅุฏุฑุงุฌ ุงูุจูุงูุงุช ุงูููุจูุฉ ุงูุฌุฏูุฏุฉ'
PRINT N'๐ Phase 5: Inserting new Libyan data'

BEGIN TRY
    -- ูุชุบูุฑุงุช ููู IDs
    DECLARE @CityId1 UNIQUEIDENTIFIER = NEWID()
    DECLARE @CityId2 UNIQUEIDENTIFIER = NEWID()
    DECLARE @CityId3 UNIQUEIDENTIFIER = NEWID()
    DECLARE @CityId4 UNIQUEIDENTIFIER = NEWID()
    DECLARE @CityId5 UNIQUEIDENTIFIER = NEWID()
    
    DECLARE @RegionId1 UNIQUEIDENTIFIER = NEWID()
    DECLARE @RegionId2 UNIQUEIDENTIFIER = NEWID()
    DECLARE @RegionId3 UNIQUEIDENTIFIER = NEWID()
    DECLARE @RegionId4 UNIQUEIDENTIFIER = NEWID()
    DECLARE @RegionId5 UNIQUEIDENTIFIER = NEWID()
    
    -- ุฅุฏุฑุงุฌ ุงูุจููู ุงูููุจูุฉ
    INSERT INTO [Banks] ([Id], [Name], [Address], [ContactNumber]) VALUES
    (NEWID(), N'ูุตุฑู ุงูุฌูููุฑูุฉ', N'ุดุงุฑุน ุนูุฑ ุงููุฎุชุงุฑุ ุทุฑุงุจูุณ', N'021-4567890'),
    (NEWID(), N'ุงูุจูู ุงูุชุฌุงุฑู ุงููุทูู', N'ุดุงุฑุน ุงูุงุณุชููุงูุ ุจูุบุงุฒู', N'061-3456789'),
    (NEWID(), N'ูุตุฑู ุงููุญุฏุฉ', N'ููุฏุงู ุงูุดูุฏุงุกุ ุทุฑุงุจูุณ', N'021-5678901'),
    (NEWID(), N'ุงูุจูู ุงูุฃููู ุงูููุจู', N'ุดุงุฑุน ุฌูุงู ุนุจุฏ ุงููุงุตุฑุ ูุตุฑุงุชุฉ', N'051-2345678'),
    (NEWID(), N'ูุตุฑู ุงูุตุญุงุฑู', N'ุทุฑูู ุงููุทุงุฑุ ุทุฑุงุจูุณ', N'021-6789012')
    
    PRINT N'โ ุชู ุฅุฏุฑุงุฌ ุงูุจููู ุงูููุจูุฉ'
    
    -- ุฅุฏุฑุงุฌ ุงููุฏู ุงูููุจูุฉ
    INSERT INTO [Cities] ([Id], [Name], [Country]) VALUES
    (@CityId1, N'ุทุฑุงุจูุณ', N'ููุจูุง'),
    (@CityId2, N'ุจูุบุงุฒู', N'ููุจูุง'),
    (@CityId3, N'ูุตุฑุงุชุฉ', N'ููุจูุง'),
    (@CityId4, N'ุงูุฒุงููุฉ', N'ููุจูุง'),
    (@CityId5, N'ุดุญุงุช', N'ููุจูุง')
    
    PRINT N'โ ุชู ุฅุฏุฑุงุฌ ุงููุฏู ุงูููุจูุฉ'
    
    -- ุฅุฏุฑุงุฌ ุงูููุงุทู ุงูููุจูุฉ
    INSERT INTO [Regions] ([Id], [Name], [CityId]) VALUES
    (@RegionId1, N'ููุทูุฉ ุงูุฏููุงูู', @CityId1),
    (@RegionId2, N'ููุทูุฉ ุงูุตุงุจุฑู', @CityId2),
    (@RegionId3, N'ููุทูุฉ ูุตุฑ ุฃุญูุฏ', @CityId3),
    (@RegionId4, N'ููุทูุฉ ุงููุฏููุฉ ุงููุฏููุฉ', @CityId1),
    (@RegionId5, N'ููุทูุฉ ุงูุฃุซุงุฑ', @CityId5)
    
    PRINT N'โ ุชู ุฅุฏุฑุงุฌ ุงูููุงุทู ุงูููุจูุฉ'
    
    -- ุฅุฏุฑุงุฌ ููุงุชุจ ุงูุฃููุงู ุงูููุจูุฉ
    INSERT INTO [Offices] ([Id], [Name], [Address], [PhoneNumber], [RegionId]) VALUES
    (NEWID(), N'ููุชุจ ุงูุฃููุงู - ุทุฑุงุจูุณ', N'ุดุงุฑุน ุงูุงุณุชููุงูุ ููุทูุฉ ุงูุฏููุงููุ ุทุฑุงุจูุณ', N'0218-84-1234579', @RegionId1),
    (NEWID(), N'ููุชุจ ุงูุฃููุงู - ุจูุบุงุฒู', N'ุดุงุฑุน ุนูุฑ ุงููุฎุชุงุฑุ ููุทูุฉ ุงูุตุงุจุฑูุ ุจูุบุงุฒู', N'0218-84-1234584', @RegionId2),
    (NEWID(), N'ููุชุจ ุงูุฃููุงู - ูุตุฑุงุชุฉ', N'ุดุงุฑุน ุฌูุงู ุนุจุฏ ุงููุงุตุฑุ ููุทูุฉ ูุตุฑ ุฃุญูุฏุ ูุตุฑุงุชุฉ', N'0218-18-1234572', @RegionId3),
    (NEWID(), N'ููุชุจ ุงูุฃููุงู - ุงูุฒุงููุฉ', N'ุทุฑูู ุงููุทุงุฑุ ุงููุฏููุฉ ุงููุฏููุฉุ ุงูุฒุงููุฉ', N'0218-18-1234568', @RegionId4),
    (NEWID(), N'ููุชุจ ุงูุฃููุงู - ุดุญุงุช', N'ุดุงุฑุน ุงูุซูุฑุฉุ ููุทูุฉ ุงูุฃุซุงุฑุ ุดุญุงุช', N'0218-84-1234568', @RegionId5)
    
    PRINT N'โ ุชู ุฅุฏุฑุงุฌ ููุงุชุจ ุงูุฃููุงู ุงูููุจูุฉ'
    
END TRY
BEGIN CATCH
    PRINT N'โ ุฎุทุฃ ูู ุฅุฏุฑุงุฌ ุงูุจูุงูุงุช: ' + ERROR_MESSAGE()
END CATCH

-- ุงููุฑุญูุฉ 6: ูุญุต ุงููุชุงุฆุฌ
PRINT N''
PRINT N'๐ ุงููุฑุญูุฉ 6: ูุญุต ุงููุชุงุฆุฌ'
PRINT N'๐ Phase 6: Testing results'

PRINT N''
PRINT N'๐ฆ ุงูุจููู ุงูููุจูุฉ ุงููุฏุฑุฌุฉ:'
SELECT TOP 5 [Name] as 'Bank Name' FROM [Banks] ORDER BY [Name]

PRINT N''
PRINT N'๐๏ธ ุงููุฏู ุงูููุจูุฉ ุงููุฏุฑุฌุฉ:'
SELECT TOP 5 [Name] as 'City Name' FROM [Cities] ORDER BY [Name]

PRINT N''
PRINT N'๐ข ููุงุชุจ ุงูุฃููุงู ุงููุฏุฑุฌุฉ:'
SELECT TOP 5 
    o.[Name] as 'Office Name',
    r.[Name] as 'Region Name',
    o.[PhoneNumber] as 'Phone'
FROM [Offices] o
LEFT JOIN [Regions] r ON o.[RegionId] = r.[Id]
ORDER BY o.[Name]

-- ุฅุญุตุงุฆูุงุช ููุงุฆูุฉ
PRINT N''
PRINT N'๐ ุฅุญุตุงุฆูุงุช ุงูุจูุงูุงุช:'
SELECT 
    'Banks' as TableName, COUNT(*) as RecordCount FROM [Banks]
UNION ALL
SELECT 
    'Cities' as TableName, COUNT(*) as RecordCount FROM [Cities]
UNION ALL
SELECT 
    'Regions' as TableName, COUNT(*) as RecordCount FROM [Regions]
UNION ALL
SELECT 
    'Offices' as TableName, COUNT(*) as RecordCount FROM [Offices]

PRINT N''
PRINT N'==========================================='
PRINT N'๐ ุชู ุงูุงูุชูุงุก ูู ุงูุฅุตูุงุญ ุงูุนุงุฌู!'
PRINT N'๐ Urgent fix completed successfully!'
PRINT N'==========================================='
PRINT N''
PRINT N'โ ุงูุขู ุฃุนุฏ ุชุดุบูู ุงูุชุทุจูู ูุชุฑู ุงูุจูุงูุงุช ุงูุนุฑุจูุฉ ุตุญูุญุฉ'
PRINT N'โ Now restart your application to see correct Arabic data'